{
  "version": "1.0.0",
  "architecture": "neural_network",
  "training_metrics": {
    "final_loss": 0.40511247515678406,
    "final_accuracy": 0.7899022698402405,
    "final_auc": 0.8797838687896729,
    "final_val_loss": 0.5010176301002502,
    "final_val_accuracy": 0.7402597665786743,
    "final_val_auc": 0.8199999928474426
  },
  "input_features": [
    "Pregnancies",
    "Glucose",
    "BloodPressure",
    "SkinThickness",
    "Insulin",
    "BMI",
    "DiabetesPedigreeFunction",
    "Age"
  ]
}